#DELETED-03/02/25#DavidSand	David Sand	djs@astro.caltech.edu
tmobile		6263543618@tmomail.net
adam	Adam Slattery	slatters@hotmail.com
am	Anne Marie Hunter	am_hunter@hotmail.com
GinaArmas	Armas, Gina	Gina Armas <gma@astro.caltech.edu>
GeorgeBecker	Becker, George	gdb@astro.caltech.edu
Chao	Bian, Chao	chb@astro.caltech.edu
AndrewBlain	Blain, Andrew	awb@astro.caltech.edu
RogerBlandford	Blandford, Roger	rdb@tapir.caltech.edu
MilanBogosavljevic	Bogosavljevic, Milan	milan@astro.caltech.edu
brad	Brad Cenko	cenko@its.caltech.edu
guillaume	Bres, Guillaume	guillaum@caltech.edu
bridin	Bridin Crinion	bridmulc@aol.com
ElinaBrobeck	Brobeck, Elina	elina@tapir.caltech.edu
Joanna	Brown, Joanna	jmb@astro.caltech.edu
MikeBrown	Brown, Mike	mbrown@gps.caltech.edu
KevinBundy	Bundy, Kevin	Kevin Bundy <kbundy@astro.caltech.edu>
RicardoBustos	Bustos, Ricardo	Ricardo Bustos <rbustos@phobos.caltech.edu>
ca	Catherine Power	powercpp@hotmail.com
dc	Charbonneau, David	David Charbonneau <dc@astro.caltech.edu>
KarCheung	Cheung, Kar	karc@caltech.edu
JudyCohen	Cohen, Judy	jlc@astro.caltech.edu
conorbarry	Conor Barry	yoncassiusprods@yahoo.co.uk
batman	Conor Sobey	s7conor@yahoo.co.uk
StuarttCorder	Corder, Stuartt	sac@astro.caltech.edu
dave	David Carroll	badmandave@fastmail.fm
DavidKaplan	David Kaplan	dlk@astro.caltech.edu
DavidSand	David Sand	djs@astro.caltech.edu
dev	Devin Scannell	devin_scannell@fastmail.fm
GeorgeDjorgovski	Djorgovski, George	george@astro.caltech.edu
eamonn	Eamonn Long	el227@cam.ac.uk
JoshEisner	Eisner, Josh	jae@astro.caltech.edu
RichardEllis	Ellis, Richard	rse@astro.caltech.edu
MelissaEnoch	Enoch, Melissa	menoch@astro.caltech.edu
DawnErb	Erb, Dawn	dke@astro.caltech.edu
erin	Erin Guidry	eguidry@caltech.edu
AlisonFarmer	Farmer, Alison	ajf@astro.caltech.edu
fi	Fiona O'Callaghan	fiocal@yahoo.com
fionn	Fionn O'Leary	foleary@eircom.net
franbarry	Fran Barry	fran.barry@ucc.ie
frankie	Francis King	f2chip@hotmail.com
astro	Francis T. O'Donovan	ftod@astro.caltech.edu
its	Francis T. O'Donovan	francis@caltech.edu
physics	Francis T. O'Donovan	francis.odonovan@physics.org
gerard	Gerard King	gerardk@deakin.edu.au
lisa	Goggin, Lisa	lmgoggin@caltech.edu
LauraHailine	Hailine, Laura	laura@astro.caltech.edu
fady	Hajjar, Fady	fady@caltech.edu
alan	Hampton, Alan	hampton@caltech.edu
hannes	Helgason, Hannes	hannes@caltech.edu
LynneHillenbrand	Hillenbrand, Lynne	lah@astro.caltech.edu
asa	Hopkins, Asa	asa@caltech.edu
hugh	Hugh Morris	hill_qie@yahoo.com
oip	International Student Programs	oip@caltech.edu
johnharrington	John Harrington	jharrington@dps.ie
jip	John Paul Mulcare	john.mulcare@fmr.com
johnathan	Johnathan King	jonnie79@hotmail.com
julie	Julie O'Donovan	o_donojc@hotmail.com
karl	Karl O'Connell	karloconnell@hotmail.com
katie	Kathleen Cussen	kathleen.cussen@unipath.com
killer	Killian O'Suillivan	killian.osuillivan@cantrell.ie
Luke	Kotredes, Luke	ltk@astro.caltech.edu
LawrenceKrauss	Krauss, Lawrence	
   Lawrence Krauss <krauss@genesis1.phys.cwru.edu>
ShriKulkarni	Kulkarni, Shri	srk@astro.caltech.edu
AndrewLange	Lange, Andrew	ael@astro.caltech.edu
sebastien	Leprince, Sebastien	leprincs@caltech.edu
stephane	Lintner, Stephane	
   Stephane Lintner <lintner@acm.caltech.edu>
laurence	Loumes, Laurence	loumes@caltech.edu
manuel	Manuel Torress	mapt@physics.ucc.ie
margaretnagle	Margaret Nagle	naglemargaret@hotmail.com
ryan	McFadden, Ryan	ryanmac5@hotmail.com
StanMetchev	Metchev, Stan	metchev@astro.caltech.edu
shelley	Michelle Bradley	mmb35@medschl.cam.ac.uk
mike	Mike Gale	mjg31@caltech.edu
Sean	Moran, Sean	smm@astro.caltech.edu
nevil	Nevil Pierse	puregenius_2000@yahoo.com
sis	O'Donovan, Bridget	bo209@cam.ac.uk
ftod	O'Donovan, Francis	ftod@astro.caltech.edu
dad	O'Donovan, Tom	t.odonovan@ucc.ie
mum	O'Donovan, Vera	veraodonovan@eircom.net
briano	Ormond, Brian	bormond@tprobinson.com
gill	O'Shea, Gillian Maria	gilloshea@irishabroad.com
maeve	O'Suillivan, Maeve	modjo206@hotmail.com
paddybarry	Paddy Barry	p.d.barry@ucc.ie
MargaretPan	Pan, Margaret	mpan@astro.caltech.edu
paudi	Paudi O'Brien	paudoon@hotmail.com
SterlPhinney	Phinney, Sterl	esp@tapir.caltech.edu
AnnPibel	Pibel, Ann	annpi@library.caltech.edu
TonyReadhead	Readhead, Tony	acr@astro.caltech.edu
DanaRuble	Ruble, Dana	druble@caltech.edu
angel	Ruiz Angulo, Angel	angel@caltech.edu
AnneilaSargent	Sargent, Anneila	afs@astro.caltech.edu
WalSargent	Sargent, Wal	wws@astro.caltech.edu
NickScoville	Scoville, Nick	nzs@astro.caltech.edu
sett	Sett	sett@caltech.edu
PatrickShopbell	Shopbell, Patrick	
   Patrick Shopbell <pls@astro.caltech.edu>		ADPF
Cathy	Slesnick, Catherine	cls@astro.caltech.edu
CarolineSmith	Smith, Caroline	cline@library.caltech.edu
Alicia	Soderberg, Alicia	ams@astro.caltech.edu
ChuckSteidel	Steidel, Chuck	ccs@astro.caltech.edu
tadhg	Tadhg O Suilleabhain	hey_its_buddy@yahoo.com
KipThorne	Thorne, Kip	kip@tapir.caltech.edu
tomcooney	Tom Cooney	tcooney@express.cites.uiuc.edu
tommcalindon	Tom McAlindon	t.e.mcalindon@english.hull.ac.uk
mumtinet	Vera O'Donovan	veraodonovan@tinet.ie
will	William Whealan-Curtin	jww1@st-and.ac.uk
1stYears	Astronomy First Years	(ams@astro.caltech.edu,
   chb@astro.caltech.edu,ftod@astro.caltech.edu,jmb@astro.caltech.edu,
   ltk@astro.caltech.edu,RicardoBustos,smm@astro.caltech.edu)
2ndYears	Astronomy Second Years	(Cathy,ElinaBrobeck,LauraHailine,
   MargaretPan,MelissaEnoch,MilanBogosavljevic,StuarttCorder)
International	International Students	(alan,angel,fady,guillaume,hannes,
   laurence,lisa,stephane)
3family	My family	(bo209@cam.ac.uk,t.odonovan@ucc.ie,
   veraodonovan@eircom.net)
Roommates	Roommates	(asa,ryan)
SeansLot	Sean's Lot	(brad,erin,mike,Sean)
